headword_lang,head,pos,additional_pos,trans,original_html
English,canto,Pronunciation,,"(Received Pronunciation) IPA(key): /ˈkæntəʊ/, (US) IPA(key): /ˈkæntoʊ/, Rhymes: -æntəʊ","<li><span class=""ib-brac""><span class=""qualifier-brac"">(</span></span><span class=""ib-content""><span class=""qualifier-content""><a class=""extiw"" href=""https://en.wikipedia.org/wiki/Received_Pronunciation"" title=""w:Received Pronunciation"">Received Pronunciation</a></span></span><span class=""ib-brac""><span class=""qualifier-brac"">)</span></span> <a href=""/wiki/Wiktionary:International_Phonetic_Alphabet"" title=""Wiktionary:International Phonetic Alphabet"">IPA</a><sup>(<a href=""/wiki/Appendix:English_pronunciation"" title=""Appendix:English pronunciation"">key</a>)</sup>: <span class=""IPA"" lang="""" xml:lang="""">/ˈkæntəʊ/</span></li>, <li><span class=""ib-brac""><span class=""qualifier-brac"">(</span></span><span class=""ib-content""><span class=""qualifier-content""><a class=""extiw"" href=""https://en.wikipedia.org/wiki/American_English"" title=""w:American English"">US</a></span></span><span class=""ib-brac""><span class=""qualifier-brac"">)</span></span> <a href=""/wiki/Wiktionary:International_Phonetic_Alphabet"" title=""Wiktionary:International Phonetic Alphabet"">IPA</a><sup>(<a href=""/wiki/Appendix:English_pronunciation"" title=""Appendix:English pronunciation"">key</a>)</sup>: <span class=""IPA"" lang="""" xml:lang="""">/ˈkæntoʊ/</span></li>, <li>Rhymes: <a href=""/wiki/Rhymes:English/%C3%A6nt%C9%99%CA%8A"" title=""Rhymes:English/æntəʊ""><span class=""IPA"" lang="""" xml:lang="""">-æntəʊ</span></a></li>"
English,canto,Noun, ‎(plural cantos),One of the chief divisions of a long poem; a book.,"<li>One of the chief <a href=""/wiki/division"" title=""division"">divisions</a> of a long <a href=""/wiki/poem"" title=""poem"">poem</a>; a <a href=""/wiki/book"" title=""book"">book</a>.</li>"
Asturian,canto,Verb,,first-person singular present indicative of cantar,"<li><span class=""form-of-definition""><a href=""/wiki/Appendix:Glossary#first_person"" title=""Appendix:Glossary"">first-person</a> <a href=""/wiki/Appendix:Glossary#singular_number"" title=""Appendix:Glossary"">singular</a> <a href=""/wiki/Appendix:Glossary#present_tense"" title=""Appendix:Glossary"">present</a> <a href=""/wiki/Appendix:Glossary#indicative_mood"" title=""Appendix:Glossary"">indicative</a> of <span class=""form-of-definition-link""><i class=""Latn mention"" lang=""ast"" xml:lang=""ast""><a href=""/wiki/cantar#Asturian"" title=""cantar"">cantar</a></i></span></span></li>"
Catalan,canto,Verb,,first-person singular present indicative form of cantar,"<li><span class=""use-with-mention"">first-person singular present indicative form of <span class=""mention""><a href=""/wiki/cantar#Catalan"" title=""cantar"">cantar</a></span></span></li>"
Galician,canto,Etymology,,,
Galician,canto,Noun, m ‎(uncountable),singing,"<li><a href=""/wiki/singing"" title=""singing"">singing</a></li>"
Galician,canto,Verb,,first-person singular present indicative of cantar,"<li><span class=""form-of-definition""><a href=""/wiki/Appendix:Glossary#first_person"" title=""Appendix:Glossary"">first-person</a> <a href=""/wiki/Appendix:Glossary#singular_number"" title=""Appendix:Glossary"">singular</a> <a href=""/wiki/Appendix:Glossary#present_tense"" title=""Appendix:Glossary"">present</a> <a href=""/wiki/Appendix:Glossary#indicative_mood"" title=""Appendix:Glossary"">indicative</a> of <span class=""form-of-definition-link""><i class=""Latn mention"" lang=""gl"" xml:lang=""gl""><a href=""/wiki/cantar#Galician"" title=""cantar"">cantar</a></i></span></span></li>"
Interlingua,canto,Noun, ‎(plural cantos),song,"<li><a href=""/wiki/song"" title=""song"">song</a></li>"
Italian,canto,Etymology 1,,,
Italian,canto,Pronunciation,,IPA(key): /ˈkän̪ːt̪o/,"<p><a href=""/wiki/Wiktionary:International_Phonetic_Alphabet"" title=""Wiktionary:International Phonetic Alphabet"">IPA</a><sup>(<a href=""/wiki/Appendix:Italian_pronunciation"" title=""Appendix:Italian pronunciation"">key</a>)</sup>: <span class=""IPA"" lang="""" xml:lang="""">/ˈkän̪ːt̪o/</span></p>"
Italian,canto,Noun, m ‎(plural canti),song,"<li><a href=""/wiki/song"" title=""song"">song</a></li>"
Italian,canto,Noun, m ‎(plural canti),singing,"<li><a href=""/wiki/singing"" title=""singing"">singing</a></li>"
Italian,canto,Related terms,,"canto del cigno, canto piano, cantare, cantore, cantoria, canzone","<li><span class=""Latn"" lang=""it"" xml:lang=""it""><a href=""/wiki/canto_del_cigno#Italian"" title=""canto del cigno"">canto del cigno</a></span></li>, <li><span class=""Latn"" lang=""it"" xml:lang=""it""><a class=""new"" href=""/w/index.php?title=canto_piano&amp;action=edit&amp;redlink=1"" title=""canto piano (page does not exist)"">canto piano</a></span></li>, <li><span class=""Latn"" lang=""it"" xml:lang=""it""><a href=""/wiki/cantare#Italian"" title=""cantare"">cantare</a></span></li>, <li><span class=""Latn"" lang=""it"" xml:lang=""it""><a href=""/wiki/cantore#Italian"" title=""cantore"">cantore</a></span></li>, <li><span class=""Latn"" lang=""it"" xml:lang=""it""><a href=""/wiki/cantoria#Italian"" title=""cantoria"">cantoria</a></span></li>, <li><span class=""Latn"" lang=""it"" xml:lang=""it""><a href=""/wiki/canzone#Italian"" title=""canzone"">canzone</a></span></li>"
Italian,canto,Etymology 2,,,
Italian,canto,Noun, m ‎(plural canti),corner,"<li><a href=""/wiki/corner"" title=""corner"">corner</a></li>"
Italian,canto,Noun, m ‎(plural canti),side,"<li><a href=""/wiki/side"" title=""side"">side</a></li>"
Italian,canto,Related terms,,"cantonale, cantone, cantoniera, cantuccio, d'altro canto","<li><span class=""Latn"" lang=""it"" xml:lang=""it""><a href=""/wiki/cantonale#Italian"" title=""cantonale"">cantonale</a></span></li>, <li><span class=""Latn"" lang=""it"" xml:lang=""it""><a href=""/wiki/cantone#Italian"" title=""cantone"">cantone</a></span></li>, <li><span class=""Latn"" lang=""it"" xml:lang=""it""><a href=""/wiki/cantoniera#Italian"" title=""cantoniera"">cantoniera</a></span></li>, <li><span class=""Latn"" lang=""it"" xml:lang=""it""><a href=""/wiki/cantuccio#Italian"" title=""cantuccio"">cantuccio</a></span></li>, <li><span class=""Latn"" lang=""it"" xml:lang=""it""><a href=""/wiki/d%27altro_canto#Italian"" title=""d'altro canto"">d'altro canto</a></span></li>"
Italian,canto,Etymology 3,,,
Italian,canto,Verb,,first-person singular present indicative of cantare,"<li><span class=""form-of-definition""><a href=""/wiki/Appendix:Glossary#first_person"" title=""Appendix:Glossary"">first-person</a> <a href=""/wiki/Appendix:Glossary#singular_number"" title=""Appendix:Glossary"">singular</a> <a href=""/wiki/Appendix:Glossary#present_tense"" title=""Appendix:Glossary"">present</a> <a href=""/wiki/Appendix:Glossary#indicative_mood"" title=""Appendix:Glossary"">indicative</a> of <span class=""form-of-definition-link""><i class=""Latn mention"" lang=""it"" xml:lang=""it""><a href=""/wiki/cantare#Italian"" title=""cantare"">cantare</a></i></span></span></li>"
Latin,canto,Etymology,,,
Latin,canto,Pronunciation,,(Classical) IPA(key): /ˈkan.toː/,"<li><span class=""ib-brac""><span class=""qualifier-brac"">(</span></span><span class=""ib-content""><span class=""qualifier-content""><a class=""extiw"" href=""https://en.wikipedia.org/wiki/Classical_Latin"" title=""w:Classical Latin"">Classical</a></span></span><span class=""ib-brac""><span class=""qualifier-brac"">)</span></span> <a href=""/wiki/Wiktionary:International_Phonetic_Alphabet"" title=""Wiktionary:International Phonetic Alphabet"">IPA</a><sup>(<a href=""/wiki/Appendix:Latin_pronunciation"" title=""Appendix:Latin pronunciation"">key</a>)</sup>: <span class=""IPA"" lang="""" xml:lang="""">/ˈkan.toː/</span></li>"
Latin,canto,Verb," ‎(present infinitive cantāre, perfect active cantāvī, supine cantātum); first conjugation",I sing .,"<li>I <a href=""/wiki/sing"" title=""sing"">sing</a> (all senses).</li>"
Latin,canto,Verb," ‎(present infinitive cantāre, perfect active cantāvī, supine cantātum); first conjugation","I enchant, or call forth by charms","<li>I <a href=""/wiki/enchant"" title=""enchant"">enchant</a>, or <a href=""/wiki/call_forth"" title=""call forth"">call forth</a> by <a href=""/wiki/charms"" title=""charms"">charms</a></li>"
Latin,canto,Derived terms,,"cantitō, cantāmen, cantillō, discantō, incantō","<li><span class=""Latn"" lang=""la"" xml:lang=""la""><a href=""/wiki/cantito#Latin"" title=""cantito"">cantitō</a></span></li>, <li><span class=""Latn"" lang=""la"" xml:lang=""la""><a href=""/wiki/cantamen#Latin"" title=""cantamen"">cantāmen</a></span></li>, <li><span class=""Latn"" lang=""la"" xml:lang=""la""><a href=""/wiki/cantillo#Latin"" title=""cantillo"">cantillō</a></span></li>, <li><span class=""Latn"" lang=""la"" xml:lang=""la""><a href=""/wiki/discanto#Latin"" title=""discanto"">discantō</a></span></li>, <li><span class=""Latn"" lang=""la"" xml:lang=""la""><a href=""/wiki/incanto#Latin"" title=""incanto"">incantō</a></span></li>"
Latin,canto,Related terms,,"canticum, cantiō, cantor, cantrīx, cantus","<li><span class=""Latn"" lang=""la"" xml:lang=""la""><a href=""/wiki/canticum#Latin"" title=""canticum"">canticum</a></span></li>, <li><span class=""Latn"" lang=""la"" xml:lang=""la""><a href=""/wiki/cantio#Latin"" title=""cantio"">cantiō</a></span></li>, <li><span class=""Latn"" lang=""la"" xml:lang=""la""><a href=""/wiki/cantor#Latin"" title=""cantor"">cantor</a></span></li>, <li><span class=""Latn"" lang=""la"" xml:lang=""la""><a href=""/wiki/cantrix#Latin"" title=""cantrix"">cantrīx</a></span></li>, <li><span class=""Latn"" lang=""la"" xml:lang=""la""><a href=""/wiki/cantus#Latin"" title=""cantus"">cantus</a></span></li>"
Latin,canto,References,,"canto in Charlton T. Lewis and Charles Short (1879) A Latin Dictionary, Oxford: Clarendon Press, canto in Charlton T. Lewis (1891) An Elementary Latin Dictionary, New York: Harper &amp; Brothers, CANTO in Charles du Fresne du Cange’s Glossarium Mediæ et Infimæ Latinitatis (augmented edition, 1883–1887), Félix Gaffiot (1934), Dictionnaire Illustré Latin-Français, Paris: Hachette, s.v. “canto”., canto in Ramminger, Johann (accessed 16 July 2016) Neulateinische Wortliste: Ein Wörterbuch des Lateinischen von Petrarca bis 1700[1], pre-publication website, 2005-2016","<li><a class=""external text"" href=""http://www.perseus.tufts.edu/hopper/text?doc=Perseus:text:1999.04.0059:entry=canto"" rel=""nofollow"">canto</a> in <a class=""extiw"" href=""https://en.wikipedia.org/wiki/Charlton_Thomas_Lewis"" title=""w:Charlton Thomas Lewis"">Charlton T. Lewis</a> and Charles Short (1879) <cite><a class=""extiw"" href=""https://en.wikipedia.org/wiki/A_Latin_Dictionary"" title=""w:A Latin Dictionary"">A Latin Dictionary</a></cite>, Oxford: <a class=""extiw"" href=""https://en.wikipedia.org/wiki/Oxford_University_Press"" title=""w:Oxford University Press"">Clarendon Press</a></li>, <li><a class=""external text"" href=""http://www.perseus.tufts.edu/hopper/text?doc=Perseus:text:1999.04.0060:entry=canto"" rel=""nofollow"">canto</a> in Charlton T. Lewis (1891) <cite>An Elementary Latin Dictionary</cite>, New York: Harper &amp; Brothers</li>, <li><span class=""Latn"" lang=""la"" xml:lang=""la""><a class=""external text"" href=""http://ducange.enc.sorbonne.fr/CANTO"" rel=""nofollow"">CANTO</a></span> in Charles du Fresne du Cange’s <i><a class=""extiw"" href=""https://en.wikipedia.org/wiki/Glossarium_Medi%C3%A6_et_Infim%C3%A6_Latinitatis"" title=""wikipedia:Glossarium Mediæ et Infimæ Latinitatis"">Glossarium Mediæ et Infimæ Latinitatis</a></i> (augmented edition, 1883–1887)</li>, <li><a class=""extiw"" href=""https://en.wikipedia.org/wiki/F%C3%A9lix_Gaffiot"" title=""wikipedia:Félix Gaffiot"">Félix Gaffiot</a> (1934), <i><a class=""extiw"" href=""https://en.wikipedia.org/wiki/Dictionnaire_Illustr%C3%A9_Latin-Fran%C3%A7ais"" title=""wikipedia:Dictionnaire Illustré Latin-Français"">Dictionnaire Illustré Latin-Français</a></i>, Paris: <a class=""extiw"" href=""https://en.wikipedia.org/wiki/Hachette_(publisher)"" title=""w:Hachette (publisher)"">Hachette</a>, <abbr title=""sub verbo = under the [head]word""><i>s.v.</i></abbr> “<span class=""Latn"" lang=""la"" xml:lang=""la""><a class=""external text"" href=""http://micmap.org/dicfro/search/gaffiot/canto"" rel=""nofollow"">canto</a></span>”.</li>, <li><a class=""external text"" href=""http://www.neulatein.de/words/start2.htm?../words/0/009612.htm"" rel=""nofollow"">canto</a> in Ramminger, Johann (accessed <span class=""mw-formatted-date"" title=""2016-07-16"">16 July 2016</span>) <cite>Neulateinische Wortliste: Ein Wörterbuch des Lateinischen von Petrarca bis 1700</cite><sup><a class=""external autonumber"" href=""http://www.neulatein.de/"" rel=""nofollow"">[1]</a></sup>, pre-publication website, 2005-2016</li>"
Portuguese,canto,Pronunciation,,"IPA(key): /ˈkɐ̃.tu/, (South Brazil) IPA(key): /ˈkɐ̃.to/, Hyphenation: can‧to","<li><a href=""/wiki/Wiktionary:International_Phonetic_Alphabet"" title=""Wiktionary:International Phonetic Alphabet"">IPA</a><sup>(<a href=""/wiki/Appendix:Portuguese_pronunciation"" title=""Appendix:Portuguese pronunciation"">key</a>)</sup>: <span class=""IPA"" lang="""" xml:lang="""">/ˈkɐ̃.tu/</span></li>, <li><span class=""ib-brac""><span class=""qualifier-brac"">(</span></span><span class=""ib-content""><span class=""qualifier-content""><a class=""extiw"" href=""https://en.wikipedia.org/wiki/Brazilian_Portuguese"" title=""w:Brazilian Portuguese"">South Brazil</a></span></span><span class=""ib-brac""><span class=""qualifier-brac"">)</span></span> <a href=""/wiki/Wiktionary:International_Phonetic_Alphabet"" title=""Wiktionary:International Phonetic Alphabet"">IPA</a><sup>(<a href=""/wiki/Appendix:Portuguese_pronunciation"" title=""Appendix:Portuguese pronunciation"">key</a>)</sup>: <span class=""IPA"" lang="""" xml:lang="""">/ˈkɐ̃.to/</span></li>, <li>Hyphenation: <span class=""Latn"" lang=""pt"" xml:lang=""pt"">can‧to</span></li>"
Portuguese,canto,Etymology 1,,,
Portuguese,canto,Noun, m (plural cantos),singing ,"<li><a href=""/wiki/singing"" title=""singing"">singing</a> <span class=""gloss-brac"">(</span><span class=""gloss-content"">the act of using the voice to produce musical sounds</span><span class=""gloss-brac"">)</span></li>"
Portuguese,canto,Noun, m (plural cantos),chant,"<li><a href=""/wiki/chant"" title=""chant"">chant</a></li>"
Portuguese,canto,Noun, m (plural cantos),bird’s song,"<li>a <a href=""/wiki/bird"" title=""bird"">bird</a>’s <a href=""/wiki/song"" title=""song"">song</a></li>"
Portuguese,canto,Noun, m (plural cantos),any pleasant sound,"<li><span class=""ib-brac"">(</span><span class=""ib-content""><a href=""/wiki/Appendix:Glossary#figurative"" title=""Appendix:Glossary"">figuratively</a></span><span class=""ib-brac"">)</span> any <a href=""/wiki/pleasant"" title=""pleasant"">pleasant</a> sound</li>"
Portuguese,canto,Noun, m (plural cantos),canto,"<li><span class=""ib-brac"">(</span><span class=""ib-content"">poetry</span><span class=""ib-brac"">)</span> <span class=""Latn"" lang=""en"" xml:lang=""en""><a href=""/wiki/canto#English"" title=""canto"">canto</a></span></li>"
Portuguese,canto,Synonyms,,"(singing): cantoria, (a bird’s song): canção","<li><span class=""ib-brac""><span class=""qualifier-brac"">(</span></span><span class=""ib-content""><span class=""qualifier-content"">singing</span></span><span class=""ib-brac""><span class=""qualifier-brac"">)</span></span><span class=""ib-colon""><span class=""sense-qualifier-colon"">:</span></span> <span class=""Latn"" lang=""pt"" xml:lang=""pt""><a href=""/wiki/cantoria#Portuguese"" title=""cantoria"">cantoria</a></span></li>, <li><span class=""ib-brac""><span class=""qualifier-brac"">(</span></span><span class=""ib-content""><span class=""qualifier-content"">a bird’s song</span></span><span class=""ib-brac""><span class=""qualifier-brac"">)</span></span><span class=""ib-colon""><span class=""sense-qualifier-colon"">:</span></span> <span class=""Latn"" lang=""pt"" xml:lang=""pt""><a href=""/wiki/can%C3%A7%C3%A3o#Portuguese"" title=""canção"">canção</a></span></li>"
Portuguese,canto,Verb,,First-person singular  present indicative of cantar,"<li><span class=""use-with-mention"">First-person singular (<i class=""Latn mention"" lang=""pt"" xml:lang=""pt""><a href=""/wiki/eu#Portuguese"" title=""eu"">eu</a></i>) present indicative of <i class=""Latn mention"" lang=""pt"" xml:lang=""pt""><a href=""/wiki/cantar#Portuguese"" title=""cantar"">cantar</a></i></span></li>"
Portuguese,canto,Etymology 2,,,
Portuguese,canto,Noun, m (plural cantos),corner ,"<li><span class=""Latn"" lang=""en"" xml:lang=""en""><a href=""/wiki/corner#English"" title=""corner"">corner</a></span> <span class=""gloss-brac"">(</span><span class=""gloss-content"">space in the angle between converging lines or surfaces</span><span class=""gloss-brac"">)</span></li>"
Portuguese,canto,Noun, m (plural cantos),remote location,"<li>a <span class=""Latn"" lang=""en"" xml:lang=""en""><a href=""/wiki/remote#English"" title=""remote"">remote</a></span> location</li>"
Portuguese,canto,Noun, m (plural cantos),undetermined or unknown location,"<li>an <span class=""Latn"" lang=""en"" xml:lang=""en""><a href=""/wiki/undetermined#English"" title=""undetermined"">undetermined</a></span> or <span class=""Latn"" lang=""en"" xml:lang=""en""><a href=""/wiki/unknown#English"" title=""unknown"">unknown</a></span> location</li>"
Portuguese,canto,Noun, m (plural cantos),the corner of the goal line and touchline,"<li><span class=""ib-brac"">(</span><span class=""ib-content"">sports</span><span class=""ib-brac"">)</span> the <span class=""Latn"" lang=""en"" xml:lang=""en""><a href=""/wiki/corner#English"" title=""corner"">corner</a></span> of the <span class=""Latn"" lang=""en"" xml:lang=""en""><a href=""/wiki/goal_line#English"" title=""goal line"">goal line</a></span> and <span class=""Latn"" lang=""en"" xml:lang=""en""><a href=""/wiki/touchline#English"" title=""touchline"">touchline</a></span></li>"
Portuguese,canto,Noun, m (plural cantos),type of stone used in the corners of a building,"<li class=""senseid"" id=""Portuguese-stone""><span class=""ib-brac"">(</span><span class=""ib-content"">architecture</span><span class=""ib-brac"">)</span> type of <span class=""Latn"" lang=""en"" xml:lang=""en""><a href=""/wiki/stone#English"" title=""stone"">stone</a></span> used in the corners of a building</li>"
Portuguese,canto,Synonyms,,"(corner): ângulo, esquina, quina, (remote location): recanto, retiro","<li><span class=""ib-brac""><span class=""qualifier-brac"">(</span></span><span class=""ib-content""><span class=""qualifier-content"">corner</span></span><span class=""ib-brac""><span class=""qualifier-brac"">)</span></span><span class=""ib-colon""><span class=""sense-qualifier-colon"">:</span></span> <span class=""Latn"" lang=""pt"" xml:lang=""pt""><a href=""/wiki/%C3%A2ngulo#Portuguese"" title=""ângulo"">ângulo</a></span>, <span class=""Latn"" lang=""pt"" xml:lang=""pt""><a href=""/wiki/esquina#Portuguese"" title=""esquina"">esquina</a></span>, <span class=""Latn"" lang=""pt"" xml:lang=""pt""><a href=""/wiki/quina#Portuguese"" title=""quina"">quina</a></span></li>, <li><span class=""ib-brac""><span class=""qualifier-brac"">(</span></span><span class=""ib-content""><span class=""qualifier-content"">remote location</span></span><span class=""ib-brac""><span class=""qualifier-brac"">)</span></span><span class=""ib-colon""><span class=""sense-qualifier-colon"">:</span></span> <span class=""Latn"" lang=""pt"" xml:lang=""pt""><a href=""/wiki/recanto#Portuguese"" title=""recanto"">recanto</a></span>, <span class=""Latn"" lang=""pt"" xml:lang=""pt""><a href=""/wiki/retiro#Portuguese"" title=""retiro"">retiro</a></span></li>"
Portuguese,canto,Derived terms,,por todo canto,"<li><span class=""Latn"" lang=""pt"" xml:lang=""pt""><a class=""new"" href=""/w/index.php?title=por_todo_canto&amp;action=edit&amp;redlink=1"" title=""por todo canto (page does not exist)"">por todo canto</a></span></li>"
Portuguese,canto,Related terms,,canteiro,"<li><span class=""Latn"" lang=""pt"" xml:lang=""pt""><a href=""/wiki/canteiro#Portuguese"" title=""canteiro"">canteiro</a></span></li>"
Spanish,canto,Pronunciation,,IPA(key): /ˈkan.to/,"<li><a href=""/wiki/Wiktionary:International_Phonetic_Alphabet"" title=""Wiktionary:International Phonetic Alphabet"">IPA</a><sup>(<a href=""/wiki/Appendix:Spanish_pronunciation"" title=""Appendix:Spanish pronunciation"">key</a>)</sup>: <span class=""IPA"" lang="""" xml:lang="""">/ˈkan.to/</span></li>"
Spanish,canto,Etymology 1,,,
Spanish,canto,Noun, m ‎(plural cantos),singing,"<li><a href=""/wiki/singing"" title=""singing"">singing</a></li>"
Spanish,canto,Noun, m ‎(plural cantos),song,"<li><a href=""/wiki/song"" title=""song"">song</a></li>"
Spanish,canto,Noun, m ‎(plural cantos),chant,"<li><a href=""/wiki/chant"" title=""chant"">chant</a></li>"
Spanish,canto,Related terms,,"cantar, cántico","<li><span class=""Latn"" lang=""es"" xml:lang=""es""><a href=""/wiki/cantar#Spanish"" title=""cantar"">cantar</a></span></li>, <li><span class=""Latn"" lang=""es"" xml:lang=""es""><a href=""/wiki/c%C3%A1ntico#Spanish"" title=""cántico"">cántico</a></span></li>"
Spanish,canto,Etymology 2,,,
Spanish,canto,Noun, m ‎(plural cantos),edge,"<li><a href=""/wiki/edge"" title=""edge"">edge</a></li>"
Spanish,canto,Noun, m ‎(plural cantos),side,"<li><a href=""/wiki/side"" title=""side"">side</a></li>"
Spanish,canto,Noun, m ‎(plural cantos),thickness,"<li><span class=""ib-brac"">(</span><span class=""ib-content"">rare</span><span class=""ib-brac"">)</span> <a href=""/wiki/thickness"" title=""thickness"">thickness</a></li>"
Spanish,canto,Derived terms,,"cantera f, cantera m, cantón m, de canto","<li><span class=""Latn"" lang=""es"" xml:lang=""es""><a href=""/wiki/cantera#Spanish"" title=""cantera"">cantera</a></span> <span class=""gender""><abbr title=""feminine gender"">f</abbr></span></li>, <li><span class=""Latn"" lang=""es"" xml:lang=""es""><a href=""/wiki/cantera#Spanish"" title=""cantera"">cantera</a></span> <span class=""gender""><abbr title=""masculine gender"">m</abbr></span></li>, <li><span class=""Latn"" lang=""es"" xml:lang=""es""><a href=""/wiki/cant%C3%B3n#Spanish"" title=""cantón"">cantón</a></span> <span class=""gender""><abbr title=""masculine gender"">m</abbr></span></li>, <li><span class=""Latn"" lang=""es"" xml:lang=""es""><a class=""new"" href=""/w/index.php?title=de_canto&amp;action=edit&amp;redlink=1"" title=""de canto (page does not exist)"">de canto</a></span></li>"
Spanish,canto,Etymology 3,,,
Spanish,canto,Verb,,First-person singular  present indicative form of cantar.,"<li><span class=""use-with-mention"">First-person singular (<i class=""Latn mention"" lang=""es"" xml:lang=""es""><a href=""/wiki/yo#Spanish"" title=""yo"">yo</a></i>) present indicative form of <i class=""Latn mention"" lang=""es"" xml:lang=""es""><a href=""/wiki/cantar#Spanish"" title=""cantar"">cantar</a></i>.</span></li>"
Spanish,hablar,Etymology,,,
Spanish,hablar,Pronunciation,,IPA(key): /aˈβ̞lar/,"<li><a href=""/wiki/Wiktionary:International_Phonetic_Alphabet"" title=""Wiktionary:International Phonetic Alphabet"">IPA</a><sup>(<a href=""/wiki/Appendix:Spanish_pronunciation"" title=""Appendix:Spanish pronunciation"">key</a>)</sup>: <span class=""IPA"" lang="""">/aˈβ̞lar/</span></li>"
Spanish,hablar,Verb," ‎(first-person singular present hablo, first-person singular preterite hablé, past participle hablado)","talk; to speak; to communicate using words

Hablamos del proyecto.‎ ― We talk about the project.
¿Ya hablaste con él?‎ ― Have you already spoken with him?

","<li><span class=""ib-brac"">(</span><span class=""ib-content""><a href=""/wiki/Appendix:Glossary#intransitive"" title=""Appendix:Glossary"">intransitive</a></span><span class=""ib-brac"">)</span> to <a href=""/wiki/talk"" title=""talk"">talk</a>; to <a href=""/wiki/speak"" title=""speak"">speak</a>; to <a href=""/wiki/communicate"" title=""communicate"">communicate</a> using <a href=""/wiki/word"" title=""word"">words</a>
<dl>
<dd><i><span class=""Latn"" lang=""es""><b>Hablamos</b> del proyecto.</span></i>‎ ― We talk about the project.</dd>
<dd><i><span class=""Latn"" lang=""es"">¿Ya <b>hablaste</b> con él?</span></i>‎ ― Have you already spoken with him?</dd>
</dl>
</li>"
Spanish,hablar,Verb," ‎(first-person singular present hablo, first-person singular preterite hablé, past participle hablado)","speak 

Hablo inglés.‎ ― I speak English.

","<li><span class=""ib-brac"">(</span><span class=""ib-content""><a href=""/wiki/Appendix:Glossary#transitive"" title=""Appendix:Glossary"">transitive</a></span><span class=""ib-brac"">)</span> to <a href=""/wiki/speak"" title=""speak"">speak</a> (a language)
<dl>
<dd><i><span class=""Latn"" lang=""es""><b>Hablo</b> inglés.</span></i>‎ ― I speak English.</dd>
</dl>
</li>"
Spanish,hablar,Conjugation,,,"<li class=""mw-empty-elt""></li>"
Spanish,hablar,Conjugation,,,"<li class=""mw-empty-elt""></li>"
English,ante,Etymology,,,
English,ante,Pronunciation,,"(US) IPA(key): [ˈæːn.tʰi], 


Audio (US)




(file)


, Rhymes: -ænti, Homophone: auntie","<li><span class=""ib-brac""><span class=""qualifier-brac"">(</span></span><span class=""ib-content""><span class=""qualifier-content""><a class=""extiw"" href=""https://en.wikipedia.org/wiki/American_English"" title=""w:American English"">US</a></span></span><span class=""ib-brac""><span class=""qualifier-brac"">)</span></span> <a href=""/wiki/Wiktionary:International_Phonetic_Alphabet"" title=""Wiktionary:International Phonetic Alphabet"">IPA</a><sup>(<a href=""/wiki/Appendix:English_pronunciation"" title=""Appendix:English pronunciation"">key</a>)</sup>: <span class=""IPA"" lang="""">[ˈæːn.tʰi]</span></li>, <li>
<table class=""audiotable"" style=""vertical-align: top; display:inline-block; list-style:none;line-height: 1em; border-collapse:collapse;"">
<tr>
<td class=""unicode audiolink"" style=""padding-right:5px; padding-left: 0;"">Audio (US)</td>
<td class=""audiofile"">
<div class=""mediaContainer"" style=""width:175px""><audio class=""kskin"" controls="""" data-durationhint=""1.1"" data-mwprovider=""wikimediacommons"" data-mwtitle=""en-us-ante.ogg"" data-startoffset=""0"" id=""mwe_player_0"" preload=""none"" style=""width:175px"">
<source data-bandwidth=""101084"" data-height=""0"" data-shorttitle=""Ogg source"" data-title=""Original Ogg file (101 kbps)"" data-width=""0"" src=""//upload.wikimedia.org/wikipedia/commons/5/57/En-us-ante.ogg"" type='audio/ogg; codecs=""vorbis""'></source></audio></div>
</td>
<td class=""audiometa"" style=""font-size: 80%;"">(<a href=""/wiki/File:en-us-ante.ogg"" title=""File:en-us-ante.ogg"">file</a>)</td>
</tr>
</table>
</li>, <li>Rhymes: <a href=""/wiki/Rhymes:English/%C3%A6nti"" title=""Rhymes:English/ænti""><span class=""IPA"" lang="""">-ænti</span></a></li>, <li>Homophone: <span class=""Latn"" lang=""en""><a href=""/wiki/auntie#English"" title=""auntie"">auntie</a></span></li>"
English,ante,Noun, ‎(plural antes),"A price or cost, as in up the ante.


1936,  Herbert Adams,  chapter 2, in  A Word of Six Letters[1]:

“… There was a man who always painted marble seats and another who did nothing but sheep. So a fellow I knew determined only to paint backs. Men's backs, women's backs, girls' backs and boys backs. … his best known bacchante was described by a critic as all back and no ante, but his backs became famous. …”




","<li>A price or cost, as in <a href=""/wiki/up_the_ante"" title=""up the ante"">up the ante</a>.
<ul>
<li>
<div class=""citation-whole""><span class=""cited-source""><b>1936</b>,  <a class=""extiw"" href=""https://en.wikipedia.org/wiki/Herbert_Adams_(novelist)"" title=""w:Herbert Adams (novelist)"">Herbert Adams</a>,  chapter 2, in  <cite>A Word of Six Letters</cite><sup><a class=""external autonumber"" href=""http://openlibrary.org/works/OL13181292W"" rel=""nofollow"">[1]</a></sup>:</span>
<dl>
<dd><span class=""cited-passage"">“… There was a man who always painted marble seats and another who did nothing but sheep. So a fellow I knew determined only to paint backs. Men's backs, women's backs, girls' backs and boys backs. … his best known <a href=""/wiki/bacchante#Noun"" title=""bacchante"">bacchante</a> was described by a critic as all back and no <b>ante</b>, but his backs became famous. …”</span></dd>
</dl>
</div>
</li>
</ul>
</li>"
English,ante,Noun, ‎(plural antes),"In poker and other games, the contribution made by all players to the pot before dealing the cards.","<li><span class=""ib-brac"">(</span><span class=""ib-content"">poker</span><span class=""ib-brac"">)</span> In <a href=""/wiki/poker"" title=""poker"">poker</a> and other games, the contribution made by all players to the <a href=""/wiki/pot"" title=""pot"">pot</a> before dealing the cards.</li>"
English,ante,Verb," ‎(third-person singular simple present antes, present participle anteing, simple past and past participle anted or anteed)",To pay the ante in poker. Often used as ante up.,"<li>To <a href=""/wiki/pay"" title=""pay"">pay</a> the ante in <a href=""/wiki/poker"" title=""poker"">poker</a>. Often used as <i>ante up</i>.</li>"
English,ante,Verb," ‎(third-person singular simple present antes, present participle anteing, simple past and past participle anted or anteed)","To make an investment in money, effort, or time before knowing one's chances.","<li>To make an investment in money, effort, or time before knowing one's chances.</li>"
English,ante,References,,"ante in Webster’s Revised Unabridged Dictionary, G. &amp; C. Merriam, 1913","<li><a class=""external text"" href=""http://www.websters1913.com/words/Ante"" rel=""nofollow"">ante</a> in <i><a href=""/wiki/Wiktionary:Webster%27s_Dictionary,_1913"" title=""Wiktionary:Webster's Dictionary, 1913"">Webster’s Revised Unabridged Dictionary</a></i>, G. &amp; C. Merriam, 1913</li>"
Asturian,ante,Alternative forms,,énte,"<li><span class=""Latn"" lang=""ast""><a href=""/wiki/%C3%A9nte#Asturian"" title=""énte"">énte</a></span></li>"
Asturian,ante,Preposition,,"before, in front of","<li><a href=""/wiki/before"" title=""before"">before</a>, <a href=""/wiki/in_front_of"" title=""in front of"">in front of</a></li>"
French,ante,Noun, f ‎(plural antes),anta,"<li><a href=""/wiki/anta"" title=""anta"">anta</a></li>"
Galician,ante,Preposition,,"before, in front of","<li><a href=""/wiki/before"" title=""before"">before</a>, <a href=""/wiki/in_front_of"" title=""in front of"">in front of</a></li>"
Galician,ante,Synonyms,,"(before, in front of): perante","<li><span class=""ib-brac""><span class=""qualifier-brac"">(</span></span><span class=""ib-content""><span class=""qualifier-content"">before, in front of</span></span><span class=""ib-brac""><span class=""qualifier-brac"">)</span></span><span class=""ib-colon""><span class=""sense-qualifier-colon"">:</span></span> <span class=""Latn"" lang=""gl""><a href=""/wiki/perante#Galician"" title=""perante"">perante</a></span></li>"
Galician,ante,Related terms,,"antes, diante de, perante","<li><span class=""Latn"" lang=""gl""><a href=""/wiki/antes#Galician"" title=""antes"">antes</a></span></li>, <li><span class=""Latn"" lang=""gl""><a href=""/wiki/diante_de#Galician"" title=""diante de"">diante de</a></span></li>, <li><span class=""Latn"" lang=""gl""><a href=""/wiki/perante#Galician"" title=""perante"">perante</a></span></li>"
Galician,ante,Noun, m ‎(plural antes),"elk , moose  ","<li><a href=""/wiki/elk"" title=""elk"">elk</a> <span class=""ib-brac""><span class=""qualifier-brac"">(</span></span><span class=""ib-content""><span class=""qualifier-content"">US</span></span><span class=""ib-brac""><span class=""qualifier-brac"">)</span></span>, <a href=""/wiki/moose"" title=""moose"">moose</a> <span class=""ib-brac""><span class=""qualifier-brac"">(</span></span><span class=""ib-content""><span class=""qualifier-content"">UK</span></span><span class=""ib-brac""><span class=""qualifier-brac"">)</span></span> (<i><a href=""/wiki/Alces_alces"" title=""Alces alces"">Alces alces</a></i>)</li>"
Galician,ante,Synonyms,,(moose): alce,"<li><span class=""ib-brac""><span class=""qualifier-brac"">(</span></span><span class=""ib-content""><span class=""qualifier-content"">moose</span></span><span class=""ib-brac""><span class=""qualifier-brac"">)</span></span><span class=""ib-colon""><span class=""sense-qualifier-colon"">:</span></span> <span class=""Latn"" lang=""gl""><a href=""/wiki/alce#Galician"" title=""alce"">alce</a></span></li>"
Ido,ante,Etymology,,,
Ido,ante,Preposition,,"before , earlier than

Ante parolar on devas pensar.‎

Before talking one should think.



","<li><a href=""/wiki/before"" title=""before"">before</a> (of time), earlier than
<dl>
<dd><i><span class=""Latn"" lang=""io""><b>Ante</b> parolar on devas pensar.</span></i>‎
<dl>
<dd><b>Before</b> talking one should think.</dd>
</dl>
</dd>
</dl>
</li>"
Ido,ante,Derived terms,,"antea ‎(“former, preceding, previous, prior, last, aforegoing, anterior”), antee ‎(“previously, before, heretofore”), ante-","<li><span class=""Latn"" lang=""io""><a href=""/wiki/antea#Ido"" title=""antea"">antea</a></span> ‎<span class=""mention-gloss-paren"">(</span><span class=""mention-gloss-double-quote"">“</span><span class=""mention-gloss"">former, preceding, previous, prior, last, aforegoing, anterior</span><span class=""mention-gloss-double-quote"">”</span><span class=""mention-gloss-paren"">)</span></li>, <li><span class=""Latn"" lang=""io""><a href=""/wiki/antee#Ido"" title=""antee"">antee</a></span> ‎<span class=""mention-gloss-paren"">(</span><span class=""mention-gloss-double-quote"">“</span><span class=""mention-gloss"">previously, before, heretofore</span><span class=""mention-gloss-double-quote"">”</span><span class=""mention-gloss-paren"">)</span></li>, <li><span class=""Latn"" lang=""io""><a href=""/wiki/ante-#Ido"" title=""ante-"">ante-</a></span></li>"
Ido,ante,Antonyms,,pos ‎(“after”),"<li><span class=""Latn"" lang=""io""><a href=""/wiki/pos#Ido"" title=""pos"">pos</a></span> ‎<span class=""mention-gloss-paren"">(</span><span class=""mention-gloss-double-quote"">“</span><span class=""mention-gloss"">after</span><span class=""mention-gloss-double-quote"">”</span><span class=""mention-gloss-paren"">)</span></li>"
Ido,ante,Paronyms,,"avan ‎(“in front of, ahead of, before (in space)”)","<li><span class=""Latn"" lang=""io""><a href=""/wiki/avan#Ido"" title=""avan"">avan</a></span> ‎<span class=""mention-gloss-paren"">(</span><span class=""mention-gloss-double-quote"">“</span><span class=""mention-gloss"">in front of, ahead of, before (in space)</span><span class=""mention-gloss-double-quote"">”</span><span class=""mention-gloss-paren"">)</span></li>"
Interlingua,ante,Preposition,,ago,"<li><a href=""/wiki/ago"" title=""ago"">ago</a></li>"
Interlingua,ante,Usage notes,,"The English word ""ago"" is used like a postposition.","<li>The English word ""ago"" is used like a <a href=""/wiki/postposition"" title=""postposition"">postposition</a>.</li>"
Italian,ante,Pronunciation,,"IPA(key): /ˈan.te/, [ˈän̪t̪e̞], Stress: ànte, Hyphenation: an‧te","<li><a href=""/wiki/Wiktionary:International_Phonetic_Alphabet"" title=""Wiktionary:International Phonetic Alphabet"">IPA</a><sup>(<a href=""/wiki/Appendix:Italian_pronunciation"" title=""Appendix:Italian pronunciation"">key</a>)</sup>: <span class=""IPA"" lang="""">/ˈan.te/</span>, <span class=""IPA"" lang="""">[ˈän̪t̪e̞]</span></li>, <li>Stress: ànte</li>, <li>Hyphenation: <span class=""Latn"" lang=""it"">an‧te</span></li>"
Italian,ante,Etymology 1,,,
Italian,ante,Alternative forms,,anti,"<li><span class=""Latn"" lang=""it""><a href=""/wiki/anti#Italian"" title=""anti"">anti</a></span></li>"
Italian,ante,Adverb, (obsolete),"afore, ere; before, earlier

1374, Francesco Petrarca, “Anima, che diverse cose tante”, Il Canzoniere, Andrea Bettini , p.220:

Per quanto non vorreste o poscia od ante ¶ esser giunti al cammin che sì mal tiensi, ¶ per non trovarvi i duo bei lumi accensi, ¶ nè l'orme impresse dell'amate piante?

How much later, or earlier, do you wish ¶ you had taken the road, that's so hard to follow, ¶ so as not to have met those two bright eyes ¶ or the steps of those beloved feet?





","<li><a href=""/wiki/afore"" title=""afore"">afore</a>, <a href=""/wiki/ere"" title=""ere"">ere</a>; <a href=""/wiki/before"" title=""before"">before</a>, <a href=""/wiki/earlier"" title=""earlier"">earlier</a>
<ul>
<li><b>1374</b>, <a class=""extiw"" href=""https://en.wikipedia.org/wiki/Francesco_Petrarca"" title=""w:Francesco Petrarca"">Francesco Petrarca</a>, “Anima, che diverse cose tante”, <i><a class=""extiw"" href=""https://en.wikipedia.org/wiki/Il_Canzoniere"" title=""w:Il Canzoniere"">Il Canzoniere</a></i>, Andrea Bettini (1858), p.<a class=""external text"" href=""https://books.google.it/books?id=-98OAAAAIAAJ&amp;dq=petrarca%20canzoniere&amp;hl=it&amp;pg=PA220#v=snippet&amp;q=ante&amp;f=false"" rel=""nofollow"">220</a>:
<dl>
<dd>Per quanto non vorreste o poscia od <b>ante</b> ¶ esser giunti al cammin che sì mal tiensi, ¶ per non trovarvi i duo bei lumi accensi, ¶ nè l'orme impresse dell'amate piante?
<dl>
<dd>How much later, or <b>earlier</b>, do you wish ¶ you had taken the road, that's so hard to follow, ¶ so as not to have met those two bright eyes ¶ or the steps of those beloved feet?</dd>
</dl>
</dd>
</dl>
</li>
</ul>
</li>"
Italian,ante,Adverb, (obsolete),"rather than, instead 

c. 1362, Buccio di Ranallo, Cronaca aquilana rimata, Forzani , p. 171, “Anima, che diverse cose tante”:

Lo duca de Duraczo respuse «Ad me despiace; ¶ collo re non vollio briga, ante vi vollio pace [...]»

The Duke of Durazzo replied «I disagree; ¶ I wish not for trouble, but rather peace, with the king [...]»





","<li><a href=""/wiki/rather_than"" title=""rather than"">rather than</a>, <a href=""/wiki/instead"" title=""instead"">instead</a> (of)
<ul>
<li><b>c. 1362</b>, Buccio di Ranallo, <i>Cronaca aquilana rimata</i>, Forzani (1907), p. 171, “Anima, che diverse cose tante”:
<dl>
<dd>Lo duca de Duraczo respuse «Ad me despiace; ¶ collo re non vollio briga, <b>ante</b> vi vollio pace [...]»
<dl>
<dd>The Duke of Durazzo replied «I disagree; ¶ I wish not for trouble, but <b>rather</b> peace, with the king [...]»</dd>
</dl>
</dd>
</dl>
</li>
</ul>
</li>"
Italian,ante,Related terms,,"ante-, anteriore","<li><span class=""Latn"" lang=""it""><a href=""/wiki/ante-#Italian"" title=""ante-"">ante-</a></span></li>, <li><span class=""Latn"" lang=""it""><a href=""/wiki/anteriore#Italian"" title=""anteriore"">anteriore</a></span></li>"
Italian,ante,Etymology 2,,,
Italian,ante,Noun, f,plural of anta,"<li><span class=""form-of-definition""><a href=""/wiki/Appendix:Glossary#plural_number"" title=""Appendix:Glossary"">plural</a> of <span class=""form-of-definition-link""><i class=""Latn mention"" lang=""it""><a href=""/wiki/anta#Italian"" title=""anta"">anta</a></i></span></span></li>"
Latin,ante,Etymology,,,
Latin,ante,Pronunciation,,"(Classical) IPA(key): /ˈan.te/, [ˈan.tɛ]","<li><span class=""ib-brac""><span class=""qualifier-brac"">(</span></span><span class=""ib-content""><span class=""qualifier-content""><a class=""extiw"" href=""https://en.wikipedia.org/wiki/Classical_Latin"" title=""w:Classical Latin"">Classical</a></span></span><span class=""ib-brac""><span class=""qualifier-brac"">)</span></span> <a href=""/wiki/Wiktionary:International_Phonetic_Alphabet"" title=""Wiktionary:International Phonetic Alphabet"">IPA</a><sup>(<a href=""/wiki/Appendix:Latin_pronunciation"" title=""Appendix:Latin pronunciation"">key</a>)</sup>: <span class=""IPA"" lang="""">/ˈan.te/</span>, <span class=""IPA"" lang="""">[ˈan.tɛ]</span></li>"
Latin,ante,Preposition,,"before, in front, forwards","<li><i>(of space)</i> before, in <a href=""/wiki/front"" title=""front"">front</a>, <a href=""/wiki/forwards"" title=""forwards"">forwards</a></li>"
Latin,ante,Preposition,,before,<li><i>(of time)</i> before</li>
Latin,ante,Adverb, ‎(not comparable),"before, in front, forwards","<li><i>(of space)</i> before, in front, forwards</li>"
Latin,ante,Adverb, ‎(not comparable),"before, previously","<li><i>(of time)</i> before, <a href=""/wiki/previously"" title=""previously"">previously</a></li>"
Latin,ante,Synonyms,,"(before, in front of): prae, prō","<li><span class=""ib-brac""><span class=""qualifier-brac"">(</span></span><span class=""ib-content""><span class=""qualifier-content"">before, in front of</span></span><span class=""ib-brac""><span class=""qualifier-brac"">)</span></span><span class=""ib-colon""><span class=""sense-qualifier-colon"">:</span></span> <span class=""Latn"" lang=""la""><a href=""/wiki/prae#Latin"" title=""prae"">prae</a></span>, <span class=""Latn"" lang=""la""><a href=""/wiki/pro#Latin"" title=""pro"">prō</a></span></li>"
Latin,ante,Antonyms,,"(before, in front of): post","<li><span class=""ib-brac""><span class=""qualifier-brac"">(</span></span><span class=""ib-content""><span class=""qualifier-content"">before, in front of</span></span><span class=""ib-brac""><span class=""qualifier-brac"">)</span></span><span class=""ib-colon""><span class=""sense-qualifier-colon"">:</span></span> <span class=""Latn"" lang=""la""><a href=""/wiki/post#Latin"" title=""post"">post</a></span></li>"
Latin,ante,References,,"ante in Charlton T. Lewis and Charles Short (1879) A Latin Dictionary, Oxford: Clarendon Press, ante in Charlton T. Lewis (1891) An Elementary Latin Dictionary, New York: Harper &amp; Brothers, ANTE in Charles du Fresne du Cange’s Glossarium Mediæ et Infimæ Latinitatis (augmented edition, 1883–1887), Félix Gaffiot (1934), Dictionnaire Illustré Latin-Français, Paris: Hachette, s.v. “ante”., Meissner, Carl; Auden, Henry William (1894) Latin Phrase-Book[2], London: Macmillan and Co.


to foresee the far distant future: futura or casus futuros (multo ante) prospicere
twenty years ago: abhinc (ante) viginti annos or viginti his annis
before daybreak: ante lucem
something presents itself to my vision: ante oculos aliquid versatur
to picture a thing to oneself; to imagine: oculis, ante oculos (animo) proponere aliquid
picture to yourselves the circumstances: ante oculos vestros (not vobis) res gestas proponite
to fail to see what lies before one: quod ante pedes est or positum est, non videre
Homer lived many years before the foundation of Rome: Homerus fuit multis annis ante Romam conditam
to live up to one's reputation: famam ante collectam tueri, conservare
to bring a thing vividly before the eyes: ante oculos ponere aliquid
amnesty (ἀμνηρτία): ante actarum (praeteritarum) rerum oblivio or simply oblivio
to be elected at the age required by law (lex Villia annalis): suo (legitimo) anno creari (opp. ante annum)


, De Vaan, Michiel (2008) Etymological Dictionary of Latin and the other Italic Languages (Leiden Indo-European Etymological Dictionary Series; 7), Leiden, Boston: Brill, page 45","<li><a class=""external text"" href=""http://www.perseus.tufts.edu/hopper/text?doc=Perseus:text:1999.04.0059:entry=ante"" rel=""nofollow"">ante</a> in <a class=""extiw"" href=""https://en.wikipedia.org/wiki/Charlton_Thomas_Lewis"" title=""w:Charlton Thomas Lewis"">Charlton T. Lewis</a> and Charles Short (1879) <cite><a class=""extiw"" href=""https://en.wikipedia.org/wiki/A_Latin_Dictionary"" title=""w:A Latin Dictionary"">A Latin Dictionary</a></cite>, Oxford: <a class=""extiw"" href=""https://en.wikipedia.org/wiki/Oxford_University_Press"" title=""w:Oxford University Press"">Clarendon Press</a></li>, <li><a class=""external text"" href=""http://www.perseus.tufts.edu/hopper/text?doc=Perseus:text:1999.04.0060:entry=ante"" rel=""nofollow"">ante</a> in Charlton T. Lewis (1891) <cite>An Elementary Latin Dictionary</cite>, New York: Harper &amp; Brothers</li>, <li><span class=""Latn"" lang=""la""><a class=""external text"" href=""http://ducange.enc.sorbonne.fr/ANTE"" rel=""nofollow"">ANTE</a></span> in Charles du Fresne du Cange’s <i><a class=""extiw"" href=""https://en.wikipedia.org/wiki/Glossarium_Medi%C3%A6_et_Infim%C3%A6_Latinitatis"" title=""wikipedia:Glossarium Mediæ et Infimæ Latinitatis"">Glossarium Mediæ et Infimæ Latinitatis</a></i> (augmented edition, 1883–1887)</li>, <li><a class=""extiw"" href=""https://en.wikipedia.org/wiki/F%C3%A9lix_Gaffiot"" title=""wikipedia:Félix Gaffiot"">Félix Gaffiot</a> (1934), <i><a class=""extiw"" href=""https://en.wikipedia.org/wiki/Dictionnaire_Illustr%C3%A9_Latin-Fran%C3%A7ais"" title=""wikipedia:Dictionnaire Illustré Latin-Français"">Dictionnaire Illustré Latin-Français</a></i>, Paris: <a class=""extiw"" href=""https://en.wikipedia.org/wiki/Hachette_(publisher)"" title=""w:Hachette (publisher)"">Hachette</a>, <abbr title=""sub verbo = under the [head]word""><i>s.v.</i></abbr> “<span class=""Latn"" lang=""la""><a class=""external text"" href=""http://micmap.org/dicfro/search/gaffiot/ante"" rel=""nofollow"">ante</a></span>”.</li>, <li>Meissner, Carl; Auden, Henry William (1894) <cite>Latin Phrase-Book</cite><sup><a class=""external autonumber"" href=""https://www.gutenberg.org/files/50280/50280-h/50280-h.htm"" rel=""nofollow"">[2]</a></sup>, London: Macmillan and Co.
<div class=""mw-collapsible mw-collapsed"" data-expandtext=""12 phrases"" style=""display: inline"">
<ul>
<li>to foresee the far distant future: <i><b>futura</b></i> or <i><b>casus futuros (multo ante) prospicere</b></i><br/></li>
<li>twenty years ago: <i><b>abhinc (ante) viginti annos</b></i> or <i><b>viginti his annis</b></i><br/></li>
<li>before daybreak: <i><b>ante lucem</b></i><br/></li>
<li>something presents itself to my vision: <i><b>ante oculos aliquid versatur</b></i><br/></li>
<li>to picture a thing to oneself; to imagine: <i><b>oculis, ante oculos (animo) proponere aliquid</b></i><br/></li>
<li>picture to yourselves the circumstances: <i><b>ante oculos vestros</b></i> (not <i><b>vobis</b></i>) <i><b>res gestas proponite</b></i><br/></li>
<li>to fail to see what lies before one: <i><b>quod ante pedes est</b></i> or <i><b>positum est, non videre</b></i><br/></li>
<li>Homer lived many years before the foundation of Rome: <i><b>Homerus fuit</b></i> <i><b>multis annis ante Romam conditam</b></i><br/></li>
<li>to live up to one's reputation: <i><b>famam ante collectam tueri, conservare</b></i><br/></li>
<li>to bring a thing vividly before the eyes: <i><b>ante oculos ponere aliquid</b></i><br/></li>
<li>amnesty (ἀμνηρτία): <i><b>ante actarum (praeteritarum) rerum oblivio</b></i> or simply <i><b>oblivio</b></i><br/></li>
<li>to be elected at the age required by law (<i>lex Villia annalis</i>): <i><b>suo (legitimo) anno creari</b></i> (opp. <i><b>ante annum</b></i>)<br/></li>
</ul>
</div>
</li>, <li><a class=""extiw"" href=""https://en.wikipedia.org/wiki/Michiel_de_Vaan"" title=""w:Michiel de Vaan"">De Vaan, Michiel</a> (2008) <cite>Etymological Dictionary of Latin and the other Italic Languages</cite> (Leiden Indo-European Etymological Dictionary Series; 7), Leiden, Boston: Brill, page 45</li>"
Middle French,ante,Noun, f (plural antes),auntie; aunt,"<li><a href=""/wiki/auntie"" title=""auntie"">auntie</a>; <a href=""/wiki/aunt"" title=""aunt"">aunt</a></li>"
Old French,ante,Noun, f,nominative singular of antain,"<li><span class=""form-of-definition""><a href=""/wiki/Appendix:Glossary#nominative_case"" title=""Appendix:Glossary"">nominative</a> <a href=""/wiki/Appendix:Glossary#singular_number"" title=""Appendix:Glossary"">singular</a> of <span class=""form-of-definition-link""><i class=""Latn mention"" lang=""fro""><a href=""/wiki/antain#Old_French"" title=""antain"">antain</a></i></span></span></li>"
Portuguese,ante,Pronunciation,,Rhymes: -ɐ̃ntʃi,"<li>Rhymes: <a href=""/wiki/Rhymes:Portuguese/%C9%90%CC%83nt%CA%83i"" title=""Rhymes:Portuguese/ɐ̃ntʃi""><span class=""IPA"" lang="""">-ɐ̃ntʃi</span></a></li>"
Portuguese,ante,Preposition,,before ,"<li><span class=""Latn"" lang=""en""><a href=""/wiki/before#English"" title=""before"">before</a></span> <span class=""gloss-brac"">(</span><span class=""gloss-content"">in front of in space</span><span class=""gloss-brac"">)</span></li>"
Portuguese,ante,Preposition,,in front of ,"<li><span class=""Latn"" lang=""en""><a href=""/wiki/in_front_of#English"" title=""in front of"">in front of</a></span> <span class=""gloss-brac"">(</span><span class=""gloss-content"">at or near the front part of</span><span class=""gloss-brac"">)</span></li>"
Portuguese,ante,Preposition,,in front of ,"<li><span class=""Latn"" lang=""en""><a href=""/wiki/in_front_of#English"" title=""in front of"">in front of</a></span> <span class=""gloss-brac"">(</span><span class=""gloss-content"">in the presence of someone</span><span class=""gloss-brac"">)</span></li>"
Portuguese,ante,Synonyms,,"(in front of): em frente a, na frente de, diante de","<li><span class=""ib-brac""><span class=""qualifier-brac"">(</span></span><span class=""ib-content""><span class=""qualifier-content"">in front of</span></span><span class=""ib-brac""><span class=""qualifier-brac"">)</span></span><span class=""ib-colon""><span class=""sense-qualifier-colon"">:</span></span> <span class=""Latn"" lang=""pt""><a href=""/wiki/em_frente_a#Portuguese"" title=""em frente a"">em frente a</a></span>, <span class=""Latn"" lang=""pt""><a href=""/wiki/na_frente_de#Portuguese"" title=""na frente de"">na frente de</a></span>, <span class=""Latn"" lang=""pt""><a href=""/wiki/diante_de#Portuguese"" title=""diante de"">diante de</a></span></li>"
Portuguese,ante,Adverb, (not comparable),Obsolete form of antes.,"<li><span class=""use-with-mention""><i>Obsolete form of</i> <i class=""Latn mention"" lang=""pt""><a href=""/wiki/antes#Portuguese"" title=""antes"">antes</a></i></span>.</li>"
Spanish,ante,Etymology 1,,,
Spanish,ante,Preposition,,"in front of, before

Tengo que aparecer ante el juez.

I have to appear before the judge.



","<li><a href=""/wiki/in_front_of"" title=""in front of"">in front of</a>, <a href=""/wiki/before"" title=""before"">before</a>
<dl>
<dd><i>Tengo que aparecer <b>ante</b> el juez.</i>
<dl>
<dd>I have to appear <b>before</b> the judge.</dd>
</dl>
</dd>
</dl>
</li>"
Spanish,ante,Etymology 2,,,
Spanish,ante,Noun, m ‎(plural antes),suede,"<li><a href=""/wiki/suede"" title=""suede"">suede</a></li>"
Spanish,ante,Noun, m ‎(plural antes),elk,"<li><a href=""/wiki/elk"" title=""elk"">elk</a></li>"
Spanish,ante,Noun, m ‎(plural antes),tapir ,"<li><span class=""ib-brac"">(</span><span class=""ib-content"">Mexico</span><span class=""ib-brac"">)</span> <span class=""Latn"" lang=""en""><a href=""/wiki/tapir#English"" title=""tapir"">tapir</a></span> <span class=""gloss-brac"">(</span><span class=""gloss-content"">large odd-toed ungulate with a long prehensile upper lip of the family Tapiridae.</span><span class=""gloss-brac"">)</span></li>"
Spanish,ante,Synonyms,,"(elk): alce, anta, (tapir): sachavaca, Template:les, anteburro, tapir","<li><span class=""ib-brac""><span class=""qualifier-brac"">(</span></span><span class=""ib-content""><span class=""qualifier-content"">elk</span></span><span class=""ib-brac""><span class=""qualifier-brac"">)</span></span><span class=""ib-colon""><span class=""sense-qualifier-colon"">:</span></span> <span class=""Latn"" lang=""es""><a href=""/wiki/alce#Spanish"" title=""alce"">alce</a></span>, <span class=""Latn"" lang=""es""><a href=""/wiki/anta#Spanish"" title=""anta"">anta</a></span></li>, <li><span class=""ib-brac""><span class=""qualifier-brac"">(</span></span><span class=""ib-content""><span class=""qualifier-content"">tapir</span></span><span class=""ib-brac""><span class=""qualifier-brac"">)</span></span><span class=""ib-colon""><span class=""sense-qualifier-colon"">:</span></span> <span class=""Latn"" lang=""es""><a class=""new"" href=""/w/index.php?title=sachavaca&amp;action=edit&amp;redlink=1"" title=""sachavaca (page does not exist)"">sachavaca</a></span>, <a class=""new"" href=""/w/index.php?title=Template:les&amp;action=edit&amp;redlink=1"" title=""Template:les (page does not exist)"">Template:les</a>, <span class=""Latn"" lang=""es""><a href=""/wiki/anteburro#Spanish"" title=""anteburro"">anteburro</a></span>, <span class=""Latn"" lang=""es""><a href=""/wiki/tapir#Spanish"" title=""tapir"">tapir</a></span></li>"
Swedish,ante,Verb,,past tense of ana,"<li><span class=""ib-brac"">(</span><span class=""ib-content""><a href=""/wiki/Appendix:Glossary#colloquial"" title=""Appendix:Glossary"">colloquial</a><span class=""ib-comma"">,</span> dialectal</span><span class=""ib-brac"">)</span> <span class=""form-of-definition""><a href=""/wiki/Appendix:Glossary#past_tense"" title=""Appendix:Glossary"">past</a> tense of <span class=""form-of-definition-link""><i class=""Latn mention"" lang=""sv""><a href=""/wiki/ana#Swedish"" title=""ana"">ana</a></i></span></span></li>"
Italian,cenare,Pronunciation,,Rhymes: -are,"<li>Rhymes: <a href=""/wiki/Rhymes:Italian/are"" title=""Rhymes:Italian/are""><span class=""IPA"" lang="""" xml:lang="""">-are</span></a></li>"
Italian,cenare,Verb,,"dine, to have dinner","<li><span class=""ib-brac"">(</span><span class=""ib-content""><a href=""/wiki/Appendix:Glossary#intransitive"" title=""Appendix:Glossary"">intransitive</a><span class=""ib-comma"">,</span> but takes <i><b><a href=""/wiki/avere#English"" title=""avere"">avere</a></b></i> as its auxiliary verb</span><span class=""ib-brac"">)</span> to <a href=""/wiki/dine"" title=""dine"">dine</a>, to <a href=""/wiki/have"" title=""have"">have</a> <a href=""/wiki/dinner"" title=""dinner"">dinner</a></li>"
Italian,cenare,Synonyms,,pranzare,"<li><span class=""Latn"" lang=""it"" xml:lang=""it""><a href=""/wiki/pranzare#Italian"" title=""pranzare"">pranzare</a></span></li>"
Italian,cenare,Related terms,,cena,"<li><span class=""Latn"" lang=""it"" xml:lang=""it""><a href=""/wiki/cena#Italian"" title=""cena"">cena</a></span></li>"
Latin,cenare,Verb,,present active infinitive of cēnō,"<li><span class=""form-of-definition""><a href=""/wiki/Appendix:Glossary#present_tense"" title=""Appendix:Glossary"">present</a> <a href=""/wiki/Appendix:Glossary#active_voice"" title=""Appendix:Glossary"">active</a> infinitive of <span class=""form-of-definition-link""><i class=""Latn mention"" lang=""la"" xml:lang=""la""><a href=""/wiki/ceno#Latin"" title=""ceno"">cēnō</a></i></span></span></li>"
Latin,cenare,Verb,,second-person singular present passive imperative of cēnō,"<li><span class=""form-of-definition""><a href=""/wiki/Appendix:Glossary#second_person"" title=""Appendix:Glossary"">second-person</a> <a href=""/wiki/Appendix:Glossary#singular_number"" title=""Appendix:Glossary"">singular</a> <a href=""/wiki/Appendix:Glossary#present_tense"" title=""Appendix:Glossary"">present</a> <a href=""/wiki/Appendix:Glossary#passive_voice"" title=""Appendix:Glossary"">passive</a> <a href=""/wiki/Appendix:Glossary#imperative_mood"" title=""Appendix:Glossary"">imperative</a> of <span class=""form-of-definition-link""><i class=""Latn mention"" lang=""la"" xml:lang=""la""><a href=""/wiki/ceno#Latin"" title=""ceno"">cēnō</a></i></span></span></li>"
Latin,cenare,Verb,,second-person singular present passive indicative of cēnō,"<li><span class=""form-of-definition""><a href=""/wiki/Appendix:Glossary#second_person"" title=""Appendix:Glossary"">second-person</a> <a href=""/wiki/Appendix:Glossary#singular_number"" title=""Appendix:Glossary"">singular</a> <a href=""/wiki/Appendix:Glossary#present_tense"" title=""Appendix:Glossary"">present</a> <a href=""/wiki/Appendix:Glossary#passive_voice"" title=""Appendix:Glossary"">passive</a> <a href=""/wiki/Appendix:Glossary#indicative_mood"" title=""Appendix:Glossary"">indicative</a> of <span class=""form-of-definition-link""><i class=""Latn mention"" lang=""la"" xml:lang=""la""><a href=""/wiki/ceno#Latin"" title=""ceno"">cēnō</a></i></span></span></li>"
Spanish,cenare,Verb,,First-person singular  future subjunctive form of cenar.,"<li><span class=""use-with-mention"">First-person singular (<i class=""Latn mention"" lang=""es"" xml:lang=""es""><a href=""/wiki/yo#Spanish"" title=""yo"">yo</a></i>) future subjunctive form of <i class=""Latn mention"" lang=""es"" xml:lang=""es""><a href=""/wiki/cenar#Spanish"" title=""cenar"">cenar</a></i>.</span></li>"
Spanish,cenare,Verb,,Formal second-person singular  future subjunctive form of cenar.,"<li><span class=""use-with-mention"">Formal second-person singular (<i class=""Latn mention"" lang=""es"" xml:lang=""es""><a href=""/wiki/usted#Spanish"" title=""usted"">usted</a></i>) future subjunctive form of <i class=""Latn mention"" lang=""es"" xml:lang=""es""><a href=""/wiki/cenar#Spanish"" title=""cenar"">cenar</a></i>.</span></li>"
Spanish,cenare,Verb,,Third-person singular  future subjunctive form of cenar.,"<li><span class=""use-with-mention"">Third-person singular (<i class=""Latn mention"" lang=""es"" xml:lang=""es""><a href=""/wiki/%C3%A9l#Spanish"" title=""él"">él</a></i>, <i class=""Latn mention"" lang=""es"" xml:lang=""es""><a href=""/wiki/ella#Spanish"" title=""ella"">ella</a></i>, also used with <i class=""Latn mention"" lang=""es"" xml:lang=""es""><a href=""/wiki/usted#Spanish"" title=""usted"">usted</a></i><sup><a class=""mw-redirect"" href=""/wiki/Appendix:Spanish_conjugation#Pronouns"" title=""Appendix:Spanish conjugation"">?</a></sup>) future subjunctive form of <i class=""Latn mention"" lang=""es"" xml:lang=""es""><a href=""/wiki/cenar#Spanish"" title=""cenar"">cenar</a></i>.</span></li>"
